Participant Surname,Experiment Group,Drainage Region,Drainage Region ID,Drainage Region Area (km2),Drainage Region Area Observed (km2),Date,Relative Mass Change (Gt),RelativeÂ Mass Change Uncertainty (Gt)
RIGNOT, mass budget , Rignot, WAIS, 2114681.750, 2114681.750,    1979.000,    -30.89,   56.939
RIGNOT, mass budget , Rignot, WAIS, 2114681.750, 2114681.750,    1979.083,    -63.64,   57.636
RIGNOT, mass budget , Rignot, WAIS, 2114681.750, 2114681.750,    1979.167,    -48.51,   58.325
RIGNOT, mass budget , Rignot, WAIS, 2114681.750, 2114681.750,    1979.250,    -61.68,   59.005
RIGNOT, mass budget , Rignot, WAIS, 2114681.750, 2114681.750,    1979.333,    -25.79,   59.679
RIGNOT, mass budget , Rignot, WAIS, 2114681.750, 2114681.750,    1979.417,    -27.53,   60.344
RIGNOT, mass budget , Rignot, WAIS, 2114681.750, 2114681.750,    1979.500,    -41.93,   61.002
RIGNOT, mass budget , Rignot, WAIS, 2114681.750, 2114681.750,    1979.583,    -51.44,   61.654
RIGNOT, mass budget , Rignot, WAIS, 2114681.750, 2114681.750,    1979.667,    -43.83,   62.298
RIGNOT, mass budget , Rignot, WAIS, 2114681.750, 2114681.750,    1979.750,    -45.53,   62.936
RIGNOT, mass budget , Rignot, WAIS, 2114681.750, 2114681.750,    1979.833,    -55.66,   63.568
RIGNOT, mass budget , Rignot, WAIS, 2114681.750, 2114681.750,    1979.917,    -88.31,   64.193
RIGNOT, mass budget , Rignot, WAIS, 2114681.750, 2114681.750,    1980.000,   -118.46,   64.812
RIGNOT, mass budget , Rignot, WAIS, 2114681.750, 2114681.750,    1980.083,   -125.50,   65.425
RIGNOT, mass budget , Rignot, WAIS, 2114681.750, 2114681.750,    1980.167,    -93.66,   66.033
RIGNOT, mass budget , Rignot, WAIS, 2114681.750, 2114681.750,    1980.250,    -60.47,   66.635
RIGNOT, mass budget , Rignot, WAIS, 2114681.750, 2114681.750,    1980.333,    -37.87,   67.232
RIGNOT, mass budget , Rignot, WAIS, 2114681.750, 2114681.750,    1980.417,    -23.29,   67.824
RIGNOT, mass budget , Rignot, WAIS, 2114681.750, 2114681.750,    1980.500,      5.12,   68.410
RIGNOT, mass budget , Rignot, WAIS, 2114681.750, 2114681.750,    1980.583,      9.08,   68.991
RIGNOT, mass budget , Rignot, WAIS, 2114681.750, 2114681.750,    1980.667,      8.50,   69.568
RIGNOT, mass budget , Rignot, WAIS, 2114681.750, 2114681.750,    1980.750,     12.83,   70.140
RIGNOT, mass budget , Rignot, WAIS, 2114681.750, 2114681.750,    1980.833,     -9.70,   70.707
RIGNOT, mass budget , Rignot, WAIS, 2114681.750, 2114681.750,    1980.917,    -16.27,   71.270
RIGNOT, mass budget , Rignot, WAIS, 2114681.750, 2114681.750,    1981.000,    -37.77,   71.828
RIGNOT, mass budget , Rignot, WAIS, 2114681.750, 2114681.750,    1981.083,    -66.69,   72.382
RIGNOT, mass budget , Rignot, WAIS, 2114681.750, 2114681.750,    1981.167,    -48.62,   72.931
RIGNOT, mass budget , Rignot, WAIS, 2114681.750, 2114681.750,    1981.250,    -50.54,   73.477
RIGNOT, mass budget , Rignot, WAIS, 2114681.750, 2114681.750,    1981.333,    -32.37,   74.019
RIGNOT, mass budget , Rignot, WAIS, 2114681.750, 2114681.750,    1981.417,      5.54,   74.556
RIGNOT, mass budget , Rignot, WAIS, 2114681.750, 2114681.750,    1981.500,     23.06,   75.090
RIGNOT, mass budget , Rignot, WAIS, 2114681.750, 2114681.750,    1981.583,      6.37,   75.620
RIGNOT, mass budget , Rignot, WAIS, 2114681.750, 2114681.750,    1981.667,      6.05,   76.147
RIGNOT, mass budget , Rignot, WAIS, 2114681.750, 2114681.750,    1981.750,    -16.15,   76.669
RIGNOT, mass budget , Rignot, WAIS, 2114681.750, 2114681.750,    1981.833,    -44.94,   77.189
RIGNOT, mass budget , Rignot, WAIS, 2114681.750, 2114681.750,    1981.917,    -71.24,   77.704
RIGNOT, mass budget , Rignot, WAIS, 2114681.750, 2114681.750,    1982.000,    -87.12,   78.217
RIGNOT, mass budget , Rignot, WAIS, 2114681.750, 2114681.750,    1982.083,   -119.46,   78.726
RIGNOT, mass budget , Rignot, WAIS, 2114681.750, 2114681.750,    1982.167,   -120.97,   79.231
RIGNOT, mass budget , Rignot, WAIS, 2114681.750, 2114681.750,    1982.250,   -127.98,   79.734
RIGNOT, mass budget , Rignot, WAIS, 2114681.750, 2114681.750,    1982.333,   -126.31,   80.233
RIGNOT, mass budget , Rignot, WAIS, 2114681.750, 2114681.750,    1982.417,    -87.66,   80.730
RIGNOT, mass budget , Rignot, WAIS, 2114681.750, 2114681.750,    1982.500,    -91.09,   81.223
RIGNOT, mass budget , Rignot, WAIS, 2114681.750, 2114681.750,    1982.583,    -73.54,   81.713
RIGNOT, mass budget , Rignot, WAIS, 2114681.750, 2114681.750,    1982.667,    -61.30,   82.201
RIGNOT, mass budget , Rignot, WAIS, 2114681.750, 2114681.750,    1982.750,    -47.99,   82.685
RIGNOT, mass budget , Rignot, WAIS, 2114681.750, 2114681.750,    1982.833,    -58.72,   83.167
RIGNOT, mass budget , Rignot, WAIS, 2114681.750, 2114681.750,    1982.917,    -92.63,   83.646
RIGNOT, mass budget , Rignot, WAIS, 2114681.750, 2114681.750,    1983.000,   -112.91,   84.122
RIGNOT, mass budget , Rignot, WAIS, 2114681.750, 2114681.750,    1983.083,   -132.29,   84.595
RIGNOT, mass budget , Rignot, WAIS, 2114681.750, 2114681.750,    1983.167,   -147.90,   85.066
RIGNOT, mass budget , Rignot, WAIS, 2114681.750, 2114681.750,    1983.250,   -117.22,   85.534
RIGNOT, mass budget , Rignot, WAIS, 2114681.750, 2114681.750,    1983.333,   -107.35,   86.000
RIGNOT, mass budget , Rignot, WAIS, 2114681.750, 2114681.750,    1983.417,   -120.99,   86.463
RIGNOT, mass budget , Rignot, WAIS, 2114681.750, 2114681.750,    1983.500,   -126.01,   86.924
RIGNOT, mass budget , Rignot, WAIS, 2114681.750, 2114681.750,    1983.583,   -119.06,   87.382
RIGNOT, mass budget , Rignot, WAIS, 2114681.750, 2114681.750,    1983.667,   -114.58,   87.838
RIGNOT, mass budget , Rignot, WAIS, 2114681.750, 2114681.750,    1983.750,   -115.55,   88.292
RIGNOT, mass budget , Rignot, WAIS, 2114681.750, 2114681.750,    1983.833,   -144.37,   88.743
RIGNOT, mass budget , Rignot, WAIS, 2114681.750, 2114681.750,    1983.917,   -175.07,   89.192
RIGNOT, mass budget , Rignot, WAIS, 2114681.750, 2114681.750,    1984.000,   -215.16,   89.639
RIGNOT, mass budget , Rignot, WAIS, 2114681.750, 2114681.750,    1984.083,   -227.72,   90.083
RIGNOT, mass budget , Rignot, WAIS, 2114681.750, 2114681.750,    1984.167,   -195.92,   90.525
RIGNOT, mass budget , Rignot, WAIS, 2114681.750, 2114681.750,    1984.250,   -193.13,   90.966
RIGNOT, mass budget , Rignot, WAIS, 2114681.750, 2114681.750,    1984.333,   -168.95,   91.404
RIGNOT, mass budget , Rignot, WAIS, 2114681.750, 2114681.750,    1984.417,   -151.53,   91.840
RIGNOT, mass budget , Rignot, WAIS, 2114681.750, 2114681.750,    1984.500,   -134.72,   92.273
RIGNOT, mass budget , Rignot, WAIS, 2114681.750, 2114681.750,    1984.583,   -132.69,   92.705
RIGNOT, mass budget , Rignot, WAIS, 2114681.750, 2114681.750,    1984.667,   -135.56,   93.135
RIGNOT, mass budget , Rignot, WAIS, 2114681.750, 2114681.750,    1984.750,   -125.82,   93.563
RIGNOT, mass budget , Rignot, WAIS, 2114681.750, 2114681.750,    1984.833,   -130.72,   93.989
RIGNOT, mass budget , Rignot, WAIS, 2114681.750, 2114681.750,    1984.917,   -127.27,   94.413
RIGNOT, mass budget , Rignot, WAIS, 2114681.750, 2114681.750,    1985.000,   -137.09,   94.835
RIGNOT, mass budget , Rignot, WAIS, 2114681.750, 2114681.750,    1985.083,   -163.34,   95.255
RIGNOT, mass budget , Rignot, WAIS, 2114681.750, 2114681.750,    1985.167,   -169.78,   95.674
RIGNOT, mass budget , Rignot, WAIS, 2114681.750, 2114681.750,    1985.250,   -173.75,   96.090
RIGNOT, mass budget , Rignot, WAIS, 2114681.750, 2114681.750,    1985.333,   -155.61,   96.505
RIGNOT, mass budget , Rignot, WAIS, 2114681.750, 2114681.750,    1985.417,    -96.05,   96.918
RIGNOT, mass budget , Rignot, WAIS, 2114681.750, 2114681.750,    1985.500,    -98.27,   97.329
RIGNOT, mass budget , Rignot, WAIS, 2114681.750, 2114681.750,    1985.583,    -97.64,   97.739
RIGNOT, mass budget , Rignot, WAIS, 2114681.750, 2114681.750,    1985.667,   -102.93,   98.147
RIGNOT, mass budget , Rignot, WAIS, 2114681.750, 2114681.750,    1985.750,    -71.76,   98.553
RIGNOT, mass budget , Rignot, WAIS, 2114681.750, 2114681.750,    1985.833,    -50.85,   98.957
RIGNOT, mass budget , Rignot, WAIS, 2114681.750, 2114681.750,    1985.917,    -73.98,   99.360
RIGNOT, mass budget , Rignot, WAIS, 2114681.750, 2114681.750,    1986.000,   -108.40,   99.761
RIGNOT, mass budget , Rignot, WAIS, 2114681.750, 2114681.750,    1986.083,   -139.88,  100.161
RIGNOT, mass budget , Rignot, WAIS, 2114681.750, 2114681.750,    1986.167,   -149.05,  100.559
RIGNOT, mass budget , Rignot, WAIS, 2114681.750, 2114681.750,    1986.250,   -120.87,  100.955
RIGNOT, mass budget , Rignot, WAIS, 2114681.750, 2114681.750,    1986.333,   -116.32,  101.350
RIGNOT, mass budget , Rignot, WAIS, 2114681.750, 2114681.750,    1986.417,   -134.57,  101.744
RIGNOT, mass budget , Rignot, WAIS, 2114681.750, 2114681.750,    1986.500,   -133.21,  102.135
RIGNOT, mass budget , Rignot, WAIS, 2114681.750, 2114681.750,    1986.583,   -152.00,  102.526
RIGNOT, mass budget , Rignot, WAIS, 2114681.750, 2114681.750,    1986.667,   -170.25,  102.915
RIGNOT, mass budget , Rignot, WAIS, 2114681.750, 2114681.750,    1986.750,   -155.56,  103.302
RIGNOT, mass budget , Rignot, WAIS, 2114681.750, 2114681.750,    1986.833,   -163.21,  103.688
RIGNOT, mass budget , Rignot, WAIS, 2114681.750, 2114681.750,    1986.917,   -196.54,  104.072
RIGNOT, mass budget , Rignot, WAIS, 2114681.750, 2114681.750,    1987.000,   -219.03,  104.455
RIGNOT, mass budget , Rignot, WAIS, 2114681.750, 2114681.750,    1987.083,   -226.37,  104.837
RIGNOT, mass budget , Rignot, WAIS, 2114681.750, 2114681.750,    1987.167,   -218.19,  105.217
RIGNOT, mass budget , Rignot, WAIS, 2114681.750, 2114681.750,    1987.250,   -248.04,  105.596
RIGNOT, mass budget , Rignot, WAIS, 2114681.750, 2114681.750,    1987.333,   -239.84,  105.974
RIGNOT, mass budget , Rignot, WAIS, 2114681.750, 2114681.750,    1987.417,   -237.39,  106.350
RIGNOT, mass budget , Rignot, WAIS, 2114681.750, 2114681.750,    1987.500,   -227.88,  106.725
RIGNOT, mass budget , Rignot, WAIS, 2114681.750, 2114681.750,    1987.583,   -207.69,  107.099
RIGNOT, mass budget , Rignot, WAIS, 2114681.750, 2114681.750,    1987.667,   -206.87,  107.471
RIGNOT, mass budget , Rignot, WAIS, 2114681.750, 2114681.750,    1987.750,   -207.77,  107.842
RIGNOT, mass budget , Rignot, WAIS, 2114681.750, 2114681.750,    1987.833,   -239.23,  108.212
RIGNOT, mass budget , Rignot, WAIS, 2114681.750, 2114681.750,    1987.917,   -275.05,  108.580
RIGNOT, mass budget , Rignot, WAIS, 2114681.750, 2114681.750,    1988.000,   -294.68,  108.947
RIGNOT, mass budget , Rignot, WAIS, 2114681.750, 2114681.750,    1988.083,   -308.48,  109.313
RIGNOT, mass budget , Rignot, WAIS, 2114681.750, 2114681.750,    1988.167,   -323.49,  109.678
RIGNOT, mass budget , Rignot, WAIS, 2114681.750, 2114681.750,    1988.250,   -303.67,  110.042
RIGNOT, mass budget , Rignot, WAIS, 2114681.750, 2114681.750,    1988.333,   -302.18,  110.404
RIGNOT, mass budget , Rignot, WAIS, 2114681.750, 2114681.750,    1988.417,   -305.99,  110.765
RIGNOT, mass budget , Rignot, WAIS, 2114681.750, 2114681.750,    1988.500,   -277.34,  111.125
RIGNOT, mass budget , Rignot, WAIS, 2114681.750, 2114681.750,    1988.583,   -211.47,  111.484
RIGNOT, mass budget , Rignot, WAIS, 2114681.750, 2114681.750,    1988.667,   -205.06,  111.842
RIGNOT, mass budget , Rignot, WAIS, 2114681.750, 2114681.750,    1988.750,   -176.55,  112.199
RIGNOT, mass budget , Rignot, WAIS, 2114681.750, 2114681.750,    1988.833,   -202.95,  112.554
RIGNOT, mass budget , Rignot, WAIS, 2114681.750, 2114681.750,    1988.917,   -232.12,  112.908
RIGNOT, mass budget , Rignot, WAIS, 2114681.750, 2114681.750,    1989.000,   -254.43,  113.262
RIGNOT, mass budget , Rignot, WAIS, 2114681.750, 2114681.750,    1989.083,   -286.89,  113.614
RIGNOT, mass budget , Rignot, WAIS, 2114681.750, 2114681.750,    1989.167,   -286.95,  113.965
RIGNOT, mass budget , Rignot, WAIS, 2114681.750, 2114681.750,    1989.250,   -288.56,  114.315
RIGNOT, mass budget , Rignot, WAIS, 2114681.750, 2114681.750,    1989.333,   -295.78,  114.663
RIGNOT, mass budget , Rignot, WAIS, 2114681.750, 2114681.750,    1989.417,   -302.35,  115.011
RIGNOT, mass budget , Rignot, WAIS, 2114681.750, 2114681.750,    1989.500,   -305.16,  115.358
RIGNOT, mass budget , Rignot, WAIS, 2114681.750, 2114681.750,    1989.583,   -290.11,  115.704
RIGNOT, mass budget , Rignot, WAIS, 2114681.750, 2114681.750,    1989.667,   -293.88,  116.049
RIGNOT, mass budget , Rignot, WAIS, 2114681.750, 2114681.750,    1989.750,   -296.22,  116.392
RIGNOT, mass budget , Rignot, WAIS, 2114681.750, 2114681.750,    1989.833,   -309.95,  116.735
RIGNOT, mass budget , Rignot, WAIS, 2114681.750, 2114681.750,    1989.917,   -331.06,  117.076
RIGNOT, mass budget , Rignot, WAIS, 2114681.750, 2114681.750,    1990.000,   -328.50,  117.417
RIGNOT, mass budget , Rignot, WAIS, 2114681.750, 2114681.750,    1990.083,   -351.55,  117.757
RIGNOT, mass budget , Rignot, WAIS, 2114681.750, 2114681.750,    1990.167,   -371.03,  118.096
RIGNOT, mass budget , Rignot, WAIS, 2114681.750, 2114681.750,    1990.250,   -367.25,  118.433
RIGNOT, mass budget , Rignot, WAIS, 2114681.750, 2114681.750,    1990.333,   -346.70,  118.770
RIGNOT, mass budget , Rignot, WAIS, 2114681.750, 2114681.750,    1990.417,   -354.97,  119.106
RIGNOT, mass budget , Rignot, WAIS, 2114681.750, 2114681.750,    1990.500,   -378.72,  119.441
RIGNOT, mass budget , Rignot, WAIS, 2114681.750, 2114681.750,    1990.583,   -395.00,  119.775
RIGNOT, mass budget , Rignot, WAIS, 2114681.750, 2114681.750,    1990.667,   -358.03,  120.108
RIGNOT, mass budget , Rignot, WAIS, 2114681.750, 2114681.750,    1990.750,   -391.32,  120.440
RIGNOT, mass budget , Rignot, WAIS, 2114681.750, 2114681.750,    1990.833,   -411.90,  120.771
RIGNOT, mass budget , Rignot, WAIS, 2114681.750, 2114681.750,    1990.917,   -433.13,  121.101
RIGNOT, mass budget , Rignot, WAIS, 2114681.750, 2114681.750,    1991.000,   -459.68,  121.431
RIGNOT, mass budget , Rignot, WAIS, 2114681.750, 2114681.750,    1991.083,   -466.38,  121.759
RIGNOT, mass budget , Rignot, WAIS, 2114681.750, 2114681.750,    1991.167,   -463.80,  122.087
RIGNOT, mass budget , Rignot, WAIS, 2114681.750, 2114681.750,    1991.250,   -447.31,  122.413
RIGNOT, mass budget , Rignot, WAIS, 2114681.750, 2114681.750,    1991.333,   -441.32,  122.739
RIGNOT, mass budget , Rignot, WAIS, 2114681.750, 2114681.750,    1991.417,   -442.18,  123.064
RIGNOT, mass budget , Rignot, WAIS, 2114681.750, 2114681.750,    1991.500,   -451.77,  123.388
RIGNOT, mass budget , Rignot, WAIS, 2114681.750, 2114681.750,    1991.583,   -457.90,  123.712
RIGNOT, mass budget , Rignot, WAIS, 2114681.750, 2114681.750,    1991.667,   -446.38,  124.034
RIGNOT, mass budget , Rignot, WAIS, 2114681.750, 2114681.750,    1991.750,   -414.43,  124.356
RIGNOT, mass budget , Rignot, WAIS, 2114681.750, 2114681.750,    1991.833,   -421.18,  124.677
RIGNOT, mass budget , Rignot, WAIS, 2114681.750, 2114681.750,    1991.917,   -445.84,  124.997
RIGNOT, mass budget , Rignot, WAIS, 2114681.750, 2114681.750,    1992.000,   -480.52,  125.316
RIGNOT, mass budget , Rignot, WAIS, 2114681.750, 2114681.750,    1992.083,   -496.01,  125.634
RIGNOT, mass budget , Rignot, WAIS, 2114681.750, 2114681.750,    1992.167,   -494.19,  125.952
RIGNOT, mass budget , Rignot, WAIS, 2114681.750, 2114681.750,    1992.250,   -457.40,  126.268
RIGNOT, mass budget , Rignot, WAIS, 2114681.750, 2114681.750,    1992.333,   -439.75,  126.584
RIGNOT, mass budget , Rignot, WAIS, 2114681.750, 2114681.750,    1992.417,   -413.75,  126.899
RIGNOT, mass budget , Rignot, WAIS, 2114681.750, 2114681.750,    1992.500,   -403.18,  127.214
RIGNOT, mass budget , Rignot, WAIS, 2114681.750, 2114681.750,    1992.583,   -407.44,  127.527
RIGNOT, mass budget , Rignot, WAIS, 2114681.750, 2114681.750,    1992.667,   -406.45,  127.840
RIGNOT, mass budget , Rignot, WAIS, 2114681.750, 2114681.750,    1992.750,   -394.88,  128.152
RIGNOT, mass budget , Rignot, WAIS, 2114681.750, 2114681.750,    1992.833,   -396.70,  128.464
RIGNOT, mass budget , Rignot, WAIS, 2114681.750, 2114681.750,    1992.917,   -402.67,  128.774
RIGNOT, mass budget , Rignot, WAIS, 2114681.750, 2114681.750,    1993.000,   -385.57,  129.084
RIGNOT, mass budget , Rignot, WAIS, 2114681.750, 2114681.750,    1993.083,   -357.85,  129.393
RIGNOT, mass budget , Rignot, WAIS, 2114681.750, 2114681.750,    1993.167,   -358.61,  129.701
RIGNOT, mass budget , Rignot, WAIS, 2114681.750, 2114681.750,    1993.250,   -366.78,  130.009
RIGNOT, mass budget , Rignot, WAIS, 2114681.750, 2114681.750,    1993.333,   -372.67,  130.316
RIGNOT, mass budget , Rignot, WAIS, 2114681.750, 2114681.750,    1993.417,   -344.98,  130.622
RIGNOT, mass budget , Rignot, WAIS, 2114681.750, 2114681.750,    1993.500,   -317.45,  130.927
RIGNOT, mass budget , Rignot, WAIS, 2114681.750, 2114681.750,    1993.583,   -304.69,  131.232
RIGNOT, mass budget , Rignot, WAIS, 2114681.750, 2114681.750,    1993.667,   -315.66,  131.536
RIGNOT, mass budget , Rignot, WAIS, 2114681.750, 2114681.750,    1993.750,   -307.31,  131.839
RIGNOT, mass budget , Rignot, WAIS, 2114681.750, 2114681.750,    1993.833,   -338.28,  132.142
RIGNOT, mass budget , Rignot, WAIS, 2114681.750, 2114681.750,    1993.917,   -371.22,  132.444
RIGNOT, mass budget , Rignot, WAIS, 2114681.750, 2114681.750,    1994.000,   -397.67,  132.745
RIGNOT, mass budget , Rignot, WAIS, 2114681.750, 2114681.750,    1994.083,   -427.61,  133.046
RIGNOT, mass budget , Rignot, WAIS, 2114681.750, 2114681.750,    1994.167,   -400.42,  133.346
RIGNOT, mass budget , Rignot, WAIS, 2114681.750, 2114681.750,    1994.250,   -396.51,  133.645
RIGNOT, mass budget , Rignot, WAIS, 2114681.750, 2114681.750,    1994.333,   -348.51,  133.943
RIGNOT, mass budget , Rignot, WAIS, 2114681.750, 2114681.750,    1994.417,   -348.87,  134.241
RIGNOT, mass budget , Rignot, WAIS, 2114681.750, 2114681.750,    1994.500,   -362.13,  134.538
RIGNOT, mass budget , Rignot, WAIS, 2114681.750, 2114681.750,    1994.583,   -381.55,  134.835
RIGNOT, mass budget , Rignot, WAIS, 2114681.750, 2114681.750,    1994.667,   -397.76,  135.131
RIGNOT, mass budget , Rignot, WAIS, 2114681.750, 2114681.750,    1994.750,   -387.76,  135.426
RIGNOT, mass budget , Rignot, WAIS, 2114681.750, 2114681.750,    1994.833,   -388.30,  135.721
RIGNOT, mass budget , Rignot, WAIS, 2114681.750, 2114681.750,    1994.917,   -418.21,  136.015
RIGNOT, mass budget , Rignot, WAIS, 2114681.750, 2114681.750,    1995.000,   -437.24,  136.308
RIGNOT, mass budget , Rignot, WAIS, 2114681.750, 2114681.750,    1995.083,   -435.96,  136.601
RIGNOT, mass budget , Rignot, WAIS, 2114681.750, 2114681.750,    1995.167,   -455.67,  136.893
RIGNOT, mass budget , Rignot, WAIS, 2114681.750, 2114681.750,    1995.250,   -457.69,  137.184
RIGNOT, mass budget , Rignot, WAIS, 2114681.750, 2114681.750,    1995.333,   -447.85,  137.475
RIGNOT, mass budget , Rignot, WAIS, 2114681.750, 2114681.750,    1995.417,   -428.69,  137.765
RIGNOT, mass budget , Rignot, WAIS, 2114681.750, 2114681.750,    1995.500,   -444.21,  138.055
RIGNOT, mass budget , Rignot, WAIS, 2114681.750, 2114681.750,    1995.583,   -444.03,  138.344
RIGNOT, mass budget , Rignot, WAIS, 2114681.750, 2114681.750,    1995.667,   -450.49,  138.632
RIGNOT, mass budget , Rignot, WAIS, 2114681.750, 2114681.750,    1995.750,   -452.22,  138.920
RIGNOT, mass budget , Rignot, WAIS, 2114681.750, 2114681.750,    1995.833,   -472.19,  139.208
RIGNOT, mass budget , Rignot, WAIS, 2114681.750, 2114681.750,    1995.917,   -491.10,  139.494
RIGNOT, mass budget , Rignot, WAIS, 2114681.750, 2114681.750,    1996.000,   -519.20,  139.780
RIGNOT, mass budget , Rignot, WAIS, 2114681.750, 2114681.750,    1996.083,   -538.05,  140.066
RIGNOT, mass budget , Rignot, WAIS, 2114681.750, 2114681.750,    1996.167,   -556.56,  140.351
RIGNOT, mass budget , Rignot, WAIS, 2114681.750, 2114681.750,    1996.250,   -536.01,  140.635
RIGNOT, mass budget , Rignot, WAIS, 2114681.750, 2114681.750,    1996.333,   -555.87,  140.919
RIGNOT, mass budget , Rignot, WAIS, 2114681.750, 2114681.750,    1996.417,   -542.28,  141.202
RIGNOT, mass budget , Rignot, WAIS, 2114681.750, 2114681.750,    1996.500,   -556.62,  141.484
RIGNOT, mass budget , Rignot, WAIS, 2114681.750, 2114681.750,    1996.583,   -556.01,  141.766
RIGNOT, mass budget , Rignot, WAIS, 2114681.750, 2114681.750,    1996.667,   -593.90,  142.048
RIGNOT, mass budget , Rignot, WAIS, 2114681.750, 2114681.750,    1996.750,   -596.25,  142.329
RIGNOT, mass budget , Rignot, WAIS, 2114681.750, 2114681.750,    1996.833,   -620.73,  142.609
RIGNOT, mass budget , Rignot, WAIS, 2114681.750, 2114681.750,    1996.917,   -649.76,  142.889
RIGNOT, mass budget , Rignot, WAIS, 2114681.750, 2114681.750,    1997.000,   -684.94,  143.168
RIGNOT, mass budget , Rignot, WAIS, 2114681.750, 2114681.750,    1997.083,   -704.90,  143.447
RIGNOT, mass budget , Rignot, WAIS, 2114681.750, 2114681.750,    1997.167,   -700.11,  143.725
RIGNOT, mass budget , Rignot, WAIS, 2114681.750, 2114681.750,    1997.250,   -692.44,  144.003
RIGNOT, mass budget , Rignot, WAIS, 2114681.750, 2114681.750,    1997.333,   -652.79,  144.280
RIGNOT, mass budget , Rignot, WAIS, 2114681.750, 2114681.750,    1997.417,   -640.16,  144.556
RIGNOT, mass budget , Rignot, WAIS, 2114681.750, 2114681.750,    1997.500,   -620.80,  144.832
RIGNOT, mass budget , Rignot, WAIS, 2114681.750, 2114681.750,    1997.583,   -632.34,  145.108
RIGNOT, mass budget , Rignot, WAIS, 2114681.750, 2114681.750,    1997.667,   -640.75,  145.383
RIGNOT, mass budget , Rignot, WAIS, 2114681.750, 2114681.750,    1997.750,   -638.81,  145.657
RIGNOT, mass budget , Rignot, WAIS, 2114681.750, 2114681.750,    1997.833,   -661.24,  145.931
RIGNOT, mass budget , Rignot, WAIS, 2114681.750, 2114681.750,    1997.917,   -677.25,  146.205
RIGNOT, mass budget , Rignot, WAIS, 2114681.750, 2114681.750,    1998.000,   -704.91,  146.478
RIGNOT, mass budget , Rignot, WAIS, 2114681.750, 2114681.750,    1998.083,   -694.47,  146.750
RIGNOT, mass budget , Rignot, WAIS, 2114681.750, 2114681.750,    1998.167,   -681.58,  147.022
RIGNOT, mass budget , Rignot, WAIS, 2114681.750, 2114681.750,    1998.250,   -682.64,  147.294
RIGNOT, mass budget , Rignot, WAIS, 2114681.750, 2114681.750,    1998.333,   -608.67,  147.564
RIGNOT, mass budget , Rignot, WAIS, 2114681.750, 2114681.750,    1998.417,   -580.95,  147.835
RIGNOT, mass budget , Rignot, WAIS, 2114681.750, 2114681.750,    1998.500,   -617.35,  148.105
RIGNOT, mass budget , Rignot, WAIS, 2114681.750, 2114681.750,    1998.583,   -640.01,  148.374
RIGNOT, mass budget , Rignot, WAIS, 2114681.750, 2114681.750,    1998.667,   -658.41,  148.643
RIGNOT, mass budget , Rignot, WAIS, 2114681.750, 2114681.750,    1998.750,   -691.00,  148.912
RIGNOT, mass budget , Rignot, WAIS, 2114681.750, 2114681.750,    1998.833,   -692.55,  149.180
RIGNOT, mass budget , Rignot, WAIS, 2114681.750, 2114681.750,    1998.917,   -732.48,  149.447
RIGNOT, mass budget , Rignot, WAIS, 2114681.750, 2114681.750,    1999.000,   -753.62,  149.714
RIGNOT, mass budget , Rignot, WAIS, 2114681.750, 2114681.750,    1999.083,   -782.03,  149.981
RIGNOT, mass budget , Rignot, WAIS, 2114681.750, 2114681.750,    1999.167,   -773.32,  150.247
RIGNOT, mass budget , Rignot, WAIS, 2114681.750, 2114681.750,    1999.250,   -789.10,  150.512
RIGNOT, mass budget , Rignot, WAIS, 2114681.750, 2114681.750,    1999.333,   -776.98,  150.778
RIGNOT, mass budget , Rignot, WAIS, 2114681.750, 2114681.750,    1999.417,   -800.35,  151.042
RIGNOT, mass budget , Rignot, WAIS, 2114681.750, 2114681.750,    1999.500,   -806.09,  151.307
RIGNOT, mass budget , Rignot, WAIS, 2114681.750, 2114681.750,    1999.583,   -825.59,  151.570
RIGNOT, mass budget , Rignot, WAIS, 2114681.750, 2114681.750,    1999.667,   -822.74,  151.834
RIGNOT, mass budget , Rignot, WAIS, 2114681.750, 2114681.750,    1999.750,   -785.76,  152.096
RIGNOT, mass budget , Rignot, WAIS, 2114681.750, 2114681.750,    1999.833,   -783.54,  152.359
RIGNOT, mass budget , Rignot, WAIS, 2114681.750, 2114681.750,    1999.917,   -787.53,  152.621
RIGNOT, mass budget , Rignot, WAIS, 2114681.750, 2114681.750,    2000.000,   -820.96,  152.882
RIGNOT, mass budget , Rignot, WAIS, 2114681.750, 2114681.750,    2000.083,   -826.84,  153.143
RIGNOT, mass budget , Rignot, WAIS, 2114681.750, 2114681.750,    2000.167,   -783.23,  153.404
RIGNOT, mass budget , Rignot, WAIS, 2114681.750, 2114681.750,    2000.250,   -812.25,  153.664
RIGNOT, mass budget , Rignot, WAIS, 2114681.750, 2114681.750,    2000.333,   -817.42,  153.924
RIGNOT, mass budget , Rignot, WAIS, 2114681.750, 2114681.750,    2000.417,   -800.24,  154.183
RIGNOT, mass budget , Rignot, WAIS, 2114681.750, 2114681.750,    2000.500,   -773.86,  154.442
RIGNOT, mass budget , Rignot, WAIS, 2114681.750, 2114681.750,    2000.583,   -799.05,  154.700
RIGNOT, mass budget , Rignot, WAIS, 2114681.750, 2114681.750,    2000.667,   -784.50,  154.958
RIGNOT, mass budget , Rignot, WAIS, 2114681.750, 2114681.750,    2000.750,   -778.38,  155.216
RIGNOT, mass budget , Rignot, WAIS, 2114681.750, 2114681.750,    2000.833,   -774.03,  155.473
RIGNOT, mass budget , Rignot, WAIS, 2114681.750, 2114681.750,    2000.917,   -816.03,  155.730
RIGNOT, mass budget , Rignot, WAIS, 2114681.750, 2114681.750,    2001.000,   -852.86,  155.986
RIGNOT, mass budget , Rignot, WAIS, 2114681.750, 2114681.750,    2001.083,   -871.89,  156.242
RIGNOT, mass budget , Rignot, WAIS, 2114681.750, 2114681.750,    2001.167,   -870.73,  156.497
RIGNOT, mass budget , Rignot, WAIS, 2114681.750, 2114681.750,    2001.250,   -874.36,  156.752
RIGNOT, mass budget , Rignot, WAIS, 2114681.750, 2114681.750,    2001.333,   -862.18,  157.007
RIGNOT, mass budget , Rignot, WAIS, 2114681.750, 2114681.750,    2001.417,   -866.19,  157.261
RIGNOT, mass budget , Rignot, WAIS, 2114681.750, 2114681.750,    2001.500,   -869.25,  157.515
RIGNOT, mass budget , Rignot, WAIS, 2114681.750, 2114681.750,    2001.583,   -889.45,  157.768
RIGNOT, mass budget , Rignot, WAIS, 2114681.750, 2114681.750,    2001.667,   -893.69,  158.021
RIGNOT, mass budget , Rignot, WAIS, 2114681.750, 2114681.750,    2001.750,   -909.32,  158.274
RIGNOT, mass budget , Rignot, WAIS, 2114681.750, 2114681.750,    2001.833,   -939.63,  158.526
RIGNOT, mass budget , Rignot, WAIS, 2114681.750, 2114681.750,    2001.917,   -967.11,  158.778
RIGNOT, mass budget , Rignot, WAIS, 2114681.750, 2114681.750,    2002.000,  -1000.06,  159.029
RIGNOT, mass budget , Rignot, WAIS, 2114681.750, 2114681.750,    2002.083,  -1017.70,  159.280
RIGNOT, mass budget , Rignot, WAIS, 2114681.750, 2114681.750,    2002.167,   -993.53,  159.531
RIGNOT, mass budget , Rignot, WAIS, 2114681.750, 2114681.750,    2002.250,   -984.90,  159.781
RIGNOT, mass budget , Rignot, WAIS, 2114681.750, 2114681.750,    2002.333,   -969.24,  160.030
RIGNOT, mass budget , Rignot, WAIS, 2114681.750, 2114681.750,    2002.417,   -977.32,  160.280
RIGNOT, mass budget , Rignot, WAIS, 2114681.750, 2114681.750,    2002.500,   -977.89,  160.529
RIGNOT, mass budget , Rignot, WAIS, 2114681.750, 2114681.750,    2002.583,   -955.91,  160.777
RIGNOT, mass budget , Rignot, WAIS, 2114681.750, 2114681.750,    2002.667,   -922.45,  161.026
RIGNOT, mass budget , Rignot, WAIS, 2114681.750, 2114681.750,    2002.750,   -943.33,  161.274
RIGNOT, mass budget , Rignot, WAIS, 2114681.750, 2114681.750,    2002.833,   -966.02,  161.521
RIGNOT, mass budget , Rignot, WAIS, 2114681.750, 2114681.750,    2002.917,   -988.91,  161.768
RIGNOT, mass budget , Rignot, WAIS, 2114681.750, 2114681.750,    2003.000,  -1015.58,  162.015
RIGNOT, mass budget , Rignot, WAIS, 2114681.750, 2114681.750,    2003.083,  -1044.99,  162.261
RIGNOT, mass budget , Rignot, WAIS, 2114681.750, 2114681.750,    2003.167,  -1031.44,  162.507
RIGNOT, mass budget , Rignot, WAIS, 2114681.750, 2114681.750,    2003.250,   -990.24,  162.753
RIGNOT, mass budget , Rignot, WAIS, 2114681.750, 2114681.750,    2003.333,   -980.61,  162.998
RIGNOT, mass budget , Rignot, WAIS, 2114681.750, 2114681.750,    2003.417,  -1007.19,  163.243
RIGNOT, mass budget , Rignot, WAIS, 2114681.750, 2114681.750,    2003.500,  -1032.19,  163.487
RIGNOT, mass budget , Rignot, WAIS, 2114681.750, 2114681.750,    2003.583,  -1044.05,  163.732
RIGNOT, mass budget , Rignot, WAIS, 2114681.750, 2114681.750,    2003.667,  -1046.57,  163.975
RIGNOT, mass budget , Rignot, WAIS, 2114681.750, 2114681.750,    2003.750,  -1035.79,  164.219
RIGNOT, mass budget , Rignot, WAIS, 2114681.750, 2114681.750,    2003.833,  -1066.15,  164.462
RIGNOT, mass budget , Rignot, WAIS, 2114681.750, 2114681.750,    2003.917,  -1095.25,  164.704
RIGNOT, mass budget , Rignot, WAIS, 2114681.750, 2114681.750,    2004.000,  -1138.04,  164.947
RIGNOT, mass budget , Rignot, WAIS, 2114681.750, 2114681.750,    2004.083,  -1156.75,  165.189
RIGNOT, mass budget , Rignot, WAIS, 2114681.750, 2114681.750,    2004.167,  -1142.59,  165.430
RIGNOT, mass budget , Rignot, WAIS, 2114681.750, 2114681.750,    2004.250,  -1130.13,  165.672
RIGNOT, mass budget , Rignot, WAIS, 2114681.750, 2114681.750,    2004.333,  -1099.09,  165.913
RIGNOT, mass budget , Rignot, WAIS, 2114681.750, 2114681.750,    2004.417,  -1092.85,  166.153
RIGNOT, mass budget , Rignot, WAIS, 2114681.750, 2114681.750,    2004.500,  -1101.33,  166.393
RIGNOT, mass budget , Rignot, WAIS, 2114681.750, 2114681.750,    2004.583,  -1123.90,  166.633
RIGNOT, mass budget , Rignot, WAIS, 2114681.750, 2114681.750,    2004.667,  -1123.03,  166.873
RIGNOT, mass budget , Rignot, WAIS, 2114681.750, 2114681.750,    2004.750,  -1132.69,  167.112
RIGNOT, mass budget , Rignot, WAIS, 2114681.750, 2114681.750,    2004.833,  -1124.64,  167.351
RIGNOT, mass budget , Rignot, WAIS, 2114681.750, 2114681.750,    2004.917,  -1166.43,  167.589
RIGNOT, mass budget , Rignot, WAIS, 2114681.750, 2114681.750,    2005.000,  -1200.74,  167.827
RIGNOT, mass budget , Rignot, WAIS, 2114681.750, 2114681.750,    2005.083,  -1223.13,  168.065
RIGNOT, mass budget , Rignot, WAIS, 2114681.750, 2114681.750,    2005.167,  -1233.28,  168.303
RIGNOT, mass budget , Rignot, WAIS, 2114681.750, 2114681.750,    2005.250,  -1223.86,  168.540
RIGNOT, mass budget , Rignot, WAIS, 2114681.750, 2114681.750,    2005.333,  -1211.12,  168.777
RIGNOT, mass budget , Rignot, WAIS, 2114681.750, 2114681.750,    2005.417,  -1188.44,  169.013
RIGNOT, mass budget , Rignot, WAIS, 2114681.750, 2114681.750,    2005.500,  -1175.56,  169.249
RIGNOT, mass budget , Rignot, WAIS, 2114681.750, 2114681.750,    2005.583,  -1174.72,  169.485
RIGNOT, mass budget , Rignot, WAIS, 2114681.750, 2114681.750,    2005.667,  -1133.44,  169.721
RIGNOT, mass budget , Rignot, WAIS, 2114681.750, 2114681.750,    2005.750,  -1101.95,  169.956
RIGNOT, mass budget , Rignot, WAIS, 2114681.750, 2114681.750,    2005.833,  -1102.43,  170.191
RIGNOT, mass budget , Rignot, WAIS, 2114681.750, 2114681.750,    2005.917,  -1129.91,  170.425
RIGNOT, mass budget , Rignot, WAIS, 2114681.750, 2114681.750,    2006.000,  -1155.71,  170.660
RIGNOT, mass budget , Rignot, WAIS, 2114681.750, 2114681.750,    2006.083,  -1153.88,  170.893
RIGNOT, mass budget , Rignot, WAIS, 2114681.750, 2114681.750,    2006.167,  -1186.02,  171.127
RIGNOT, mass budget , Rignot, WAIS, 2114681.750, 2114681.750,    2006.250,  -1196.40,  171.360
RIGNOT, mass budget , Rignot, WAIS, 2114681.750, 2114681.750,    2006.333,  -1192.19,  171.593
RIGNOT, mass budget , Rignot, WAIS, 2114681.750, 2114681.750,    2006.417,  -1189.15,  171.826
RIGNOT, mass budget , Rignot, WAIS, 2114681.750, 2114681.750,    2006.500,  -1181.43,  172.058
RIGNOT, mass budget , Rignot, WAIS, 2114681.750, 2114681.750,    2006.583,  -1200.50,  172.290
RIGNOT, mass budget , Rignot, WAIS, 2114681.750, 2114681.750,    2006.667,  -1225.86,  172.522
RIGNOT, mass budget , Rignot, WAIS, 2114681.750, 2114681.750,    2006.750,  -1227.08,  172.753
RIGNOT, mass budget , Rignot, WAIS, 2114681.750, 2114681.750,    2006.833,  -1243.10,  172.984
RIGNOT, mass budget , Rignot, WAIS, 2114681.750, 2114681.750,    2006.917,  -1276.29,  173.215
RIGNOT, mass budget , Rignot, WAIS, 2114681.750, 2114681.750,    2007.000,  -1303.49,  173.445
RIGNOT, mass budget , Rignot, WAIS, 2114681.750, 2114681.750,    2007.083,  -1323.84,  173.676
RIGNOT, mass budget , Rignot, WAIS, 2114681.750, 2114681.750,    2007.167,  -1328.56,  173.905
RIGNOT, mass budget , Rignot, WAIS, 2114681.750, 2114681.750,    2007.250,  -1320.53,  174.135
RIGNOT, mass budget , Rignot, WAIS, 2114681.750, 2114681.750,    2007.333,  -1294.44,  174.364
RIGNOT, mass budget , Rignot, WAIS, 2114681.750, 2114681.750,    2007.417,  -1278.11,  174.593
RIGNOT, mass budget , Rignot, WAIS, 2114681.750, 2114681.750,    2007.500,  -1274.83,  174.822
RIGNOT, mass budget , Rignot, WAIS, 2114681.750, 2114681.750,    2007.583,  -1296.19,  175.050
RIGNOT, mass budget , Rignot, WAIS, 2114681.750, 2114681.750,    2007.667,  -1293.06,  175.278
RIGNOT, mass budget , Rignot, WAIS, 2114681.750, 2114681.750,    2007.750,  -1329.90,  175.506
RIGNOT, mass budget , Rignot, WAIS, 2114681.750, 2114681.750,    2007.833,  -1359.27,  175.733
RIGNOT, mass budget , Rignot, WAIS, 2114681.750, 2114681.750,    2007.917,  -1364.23,  175.960
RIGNOT, mass budget , Rignot, WAIS, 2114681.750, 2114681.750,    2008.000,  -1384.44,  176.187
RIGNOT, mass budget , Rignot, WAIS, 2114681.750, 2114681.750,    2008.083,  -1391.08,  176.414
RIGNOT, mass budget , Rignot, WAIS, 2114681.750, 2114681.750,    2008.167,  -1402.67,  176.640
RIGNOT, mass budget , Rignot, WAIS, 2114681.750, 2114681.750,    2008.250,  -1416.68,  176.866
RIGNOT, mass budget , Rignot, WAIS, 2114681.750, 2114681.750,    2008.333,  -1421.07,  177.092
RIGNOT, mass budget , Rignot, WAIS, 2114681.750, 2114681.750,    2008.417,  -1426.62,  177.317
RIGNOT, mass budget , Rignot, WAIS, 2114681.750, 2114681.750,    2008.500,  -1413.46,  177.542
RIGNOT, mass budget , Rignot, WAIS, 2114681.750, 2114681.750,    2008.583,  -1409.66,  177.767
RIGNOT, mass budget , Rignot, WAIS, 2114681.750, 2114681.750,    2008.667,  -1385.72,  177.992
RIGNOT, mass budget , Rignot, WAIS, 2114681.750, 2114681.750,    2008.750,  -1405.80,  178.216
RIGNOT, mass budget , Rignot, WAIS, 2114681.750, 2114681.750,    2008.833,  -1445.02,  178.440
RIGNOT, mass budget , Rignot, WAIS, 2114681.750, 2114681.750,    2008.917,  -1486.63,  178.664
RIGNOT, mass budget , Rignot, WAIS, 2114681.750, 2114681.750,    2009.000,  -1522.79,  178.887
RIGNOT, mass budget , Rignot, WAIS, 2114681.750, 2114681.750,    2009.083,  -1562.70,  179.110
RIGNOT, mass budget , Rignot, WAIS, 2114681.750, 2114681.750,    2009.167,  -1555.45,  179.333
RIGNOT, mass budget , Rignot, WAIS, 2114681.750, 2114681.750,    2009.250,  -1568.74,  179.556
RIGNOT, mass budget , Rignot, WAIS, 2114681.750, 2114681.750,    2009.333,  -1586.17,  179.778
RIGNOT, mass budget , Rignot, WAIS, 2114681.750, 2114681.750,    2009.417,  -1624.80,  180.000
RIGNOT, mass budget , Rignot, WAIS, 2114681.750, 2114681.750,    2009.500,  -1619.33,  180.222
RIGNOT, mass budget , Rignot, WAIS, 2114681.750, 2114681.750,    2009.583,  -1630.13,  180.443
RIGNOT, mass budget , Rignot, WAIS, 2114681.750, 2114681.750,    2009.667,  -1645.32,  180.664
RIGNOT, mass budget , Rignot, WAIS, 2114681.750, 2114681.750,    2009.750,  -1673.41,  180.885
RIGNOT, mass budget , Rignot, WAIS, 2114681.750, 2114681.750,    2009.833,  -1683.33,  181.106
RIGNOT, mass budget , Rignot, WAIS, 2114681.750, 2114681.750,    2009.917,  -1717.13,  181.326
RIGNOT, mass budget , Rignot, WAIS, 2114681.750, 2114681.750,    2010.000,  -1766.31,  181.547
RIGNOT, mass budget , Rignot, WAIS, 2114681.750, 2114681.750,    2010.083,  -1792.94,  181.766
RIGNOT, mass budget , Rignot, WAIS, 2114681.750, 2114681.750,    2010.167,  -1803.75,  181.986
RIGNOT, mass budget , Rignot, WAIS, 2114681.750, 2114681.750,    2010.250,  -1830.17,  182.205
RIGNOT, mass budget , Rignot, WAIS, 2114681.750, 2114681.750,    2010.333,  -1859.21,  182.424
RIGNOT, mass budget , Rignot, WAIS, 2114681.750, 2114681.750,    2010.417,  -1867.76,  182.643
RIGNOT, mass budget , Rignot, WAIS, 2114681.750, 2114681.750,    2010.500,  -1869.69,  182.862
RIGNOT, mass budget , Rignot, WAIS, 2114681.750, 2114681.750,    2010.583,  -1859.47,  183.080
RIGNOT, mass budget , Rignot, WAIS, 2114681.750, 2114681.750,    2010.667,  -1870.17,  183.298
RIGNOT, mass budget , Rignot, WAIS, 2114681.750, 2114681.750,    2010.750,  -1897.92,  183.516
RIGNOT, mass budget , Rignot, WAIS, 2114681.750, 2114681.750,    2010.833,  -1910.74,  183.734
RIGNOT, mass budget , Rignot, WAIS, 2114681.750, 2114681.750,    2010.917,  -1959.12,  183.951
RIGNOT, mass budget , Rignot, WAIS, 2114681.750, 2114681.750,    2011.000,  -2016.88,  184.168
RIGNOT, mass budget , Rignot, WAIS, 2114681.750, 2114681.750,    2011.083,  -2052.56,  184.385
RIGNOT, mass budget , Rignot, WAIS, 2114681.750, 2114681.750,    2011.167,  -2068.60,  184.601
RIGNOT, mass budget , Rignot, WAIS, 2114681.750, 2114681.750,    2011.250,  -2089.83,  184.817
RIGNOT, mass budget , Rignot, WAIS, 2114681.750, 2114681.750,    2011.333,  -2091.62,  185.033
RIGNOT, mass budget , Rignot, WAIS, 2114681.750, 2114681.750,    2011.417,  -2101.73,  185.249
RIGNOT, mass budget , Rignot, WAIS, 2114681.750, 2114681.750,    2011.500,  -2075.43,  185.465
RIGNOT, mass budget , Rignot, WAIS, 2114681.750, 2114681.750,    2011.583,  -2049.41,  185.680
RIGNOT, mass budget , Rignot, WAIS, 2114681.750, 2114681.750,    2011.667,  -2079.28,  185.895
RIGNOT, mass budget , Rignot, WAIS, 2114681.750, 2114681.750,    2011.750,  -2095.36,  186.109
RIGNOT, mass budget , Rignot, WAIS, 2114681.750, 2114681.750,    2011.833,  -2115.43,  186.324
RIGNOT, mass budget , Rignot, WAIS, 2114681.750, 2114681.750,    2011.917,  -2142.05,  186.538
RIGNOT, mass budget , Rignot, WAIS, 2114681.750, 2114681.750,    2012.000,  -2173.08,  186.752
RIGNOT, mass budget , Rignot, WAIS, 2114681.750, 2114681.750,    2012.083,  -2194.19,  186.966
RIGNOT, mass budget , Rignot, WAIS, 2114681.750, 2114681.750,    2012.167,  -2182.71,  187.180
RIGNOT, mass budget , Rignot, WAIS, 2114681.750, 2114681.750,    2012.250,  -2176.97,  187.393
RIGNOT, mass budget , Rignot, WAIS, 2114681.750, 2114681.750,    2012.333,  -2149.29,  187.606
RIGNOT, mass budget , Rignot, WAIS, 2114681.750, 2114681.750,    2012.417,  -2177.55,  187.819
RIGNOT, mass budget , Rignot, WAIS, 2114681.750, 2114681.750,    2012.500,  -2197.26,  188.031
RIGNOT, mass budget , Rignot, WAIS, 2114681.750, 2114681.750,    2012.583,  -2230.70,  188.243
RIGNOT, mass budget , Rignot, WAIS, 2114681.750, 2114681.750,    2012.667,  -2241.29,  188.455
RIGNOT, mass budget , Rignot, WAIS, 2114681.750, 2114681.750,    2012.750,  -2266.36,  188.667
RIGNOT, mass budget , Rignot, WAIS, 2114681.750, 2114681.750,    2012.833,  -2307.18,  188.879
RIGNOT, mass budget , Rignot, WAIS, 2114681.750, 2114681.750,    2012.917,  -2334.24,  189.090
RIGNOT, mass budget , Rignot, WAIS, 2114681.750, 2114681.750,    2013.000,  -2365.36,  189.301
RIGNOT, mass budget , Rignot, WAIS, 2114681.750, 2114681.750,    2013.083,  -2363.94,  189.512
RIGNOT, mass budget , Rignot, WAIS, 2114681.750, 2114681.750,    2013.167,  -2341.33,  189.723
RIGNOT, mass budget , Rignot, WAIS, 2114681.750, 2114681.750,    2013.250,  -2367.06,  189.933
RIGNOT, mass budget , Rignot, WAIS, 2114681.750, 2114681.750,    2013.333,  -2394.57,  190.143
RIGNOT, mass budget , Rignot, WAIS, 2114681.750, 2114681.750,    2013.417,  -2433.35,  190.353
RIGNOT, mass budget , Rignot, WAIS, 2114681.750, 2114681.750,    2013.500,  -2449.95,  190.563
RIGNOT, mass budget , Rignot, WAIS, 2114681.750, 2114681.750,    2013.583,  -2452.53,  190.773
RIGNOT, mass budget , Rignot, WAIS, 2114681.750, 2114681.750,    2013.667,  -2473.56,  190.982
RIGNOT, mass budget , Rignot, WAIS, 2114681.750, 2114681.750,    2013.750,  -2496.74,  191.191
RIGNOT, mass budget , Rignot, WAIS, 2114681.750, 2114681.750,    2013.833,  -2530.74,  191.400
RIGNOT, mass budget , Rignot, WAIS, 2114681.750, 2114681.750,    2013.917,  -2565.67,  191.608
RIGNOT, mass budget , Rignot, WAIS, 2114681.750, 2114681.750,    2014.000,  -2603.94,  191.817
RIGNOT, mass budget , Rignot, WAIS, 2114681.750, 2114681.750,    2014.083,  -2632.79,  192.025
RIGNOT, mass budget , Rignot, WAIS, 2114681.750, 2114681.750,    2014.167,  -2645.42,  192.233
RIGNOT, mass budget , Rignot, WAIS, 2114681.750, 2114681.750,    2014.250,  -2624.72,  192.440
RIGNOT, mass budget , Rignot, WAIS, 2114681.750, 2114681.750,    2014.333,  -2615.07,  192.648
RIGNOT, mass budget , Rignot, WAIS, 2114681.750, 2114681.750,    2014.417,  -2613.91,  192.855
RIGNOT, mass budget , Rignot, WAIS, 2114681.750, 2114681.750,    2014.500,  -2635.55,  193.062
RIGNOT, mass budget , Rignot, WAIS, 2114681.750, 2114681.750,    2014.583,  -2625.85,  193.269
RIGNOT, mass budget , Rignot, WAIS, 2114681.750, 2114681.750,    2014.667,  -2618.70,  193.475
RIGNOT, mass budget , Rignot, WAIS, 2114681.750, 2114681.750,    2014.750,  -2599.45,  193.682
RIGNOT, mass budget , Rignot, WAIS, 2114681.750, 2114681.750,    2014.833,  -2648.60,  193.888
RIGNOT, mass budget , Rignot, WAIS, 2114681.750, 2114681.750,    2014.917,  -2694.97,  194.094
RIGNOT, mass budget , Rignot, WAIS, 2114681.750, 2114681.750,    2015.000,  -2725.16,  194.299
RIGNOT, mass budget , Rignot, WAIS, 2114681.750, 2114681.750,    2015.083,  -2738.36,  194.505
RIGNOT, mass budget , Rignot, WAIS, 2114681.750, 2114681.750,    2015.167,  -2738.71,  194.710
RIGNOT, mass budget , Rignot, WAIS, 2114681.750, 2114681.750,    2015.250,  -2750.35,  194.915
RIGNOT, mass budget , Rignot, WAIS, 2114681.750, 2114681.750,    2015.333,  -2728.27,  195.120
RIGNOT, mass budget , Rignot, WAIS, 2114681.750, 2114681.750,    2015.417,  -2757.73,  195.325
RIGNOT, mass budget , Rignot, WAIS, 2114681.750, 2114681.750,    2015.500,  -2778.07,  195.529
RIGNOT, mass budget , Rignot, WAIS, 2114681.750, 2114681.750,    2015.583,  -2807.36,  195.733
RIGNOT, mass budget , Rignot, WAIS, 2114681.750, 2114681.750,    2015.667,  -2808.81,  195.937
RIGNOT, mass budget , Rignot, WAIS, 2114681.750, 2114681.750,    2015.750,  -2814.26,  196.141
RIGNOT, mass budget , Rignot, WAIS, 2114681.750, 2114681.750,    2015.833,  -2836.59,  196.344
RIGNOT, mass budget , Rignot, WAIS, 2114681.750, 2114681.750,    2015.917,  -2839.80,  196.548
RIGNOT, mass budget , Rignot, WAIS, 2114681.750, 2114681.750,    2016.000,  -2855.80,  196.751
RIGNOT, mass budget , Rignot, WAIS, 2114681.750, 2114681.750,    2016.083,  -2876.13,  196.954
RIGNOT, mass budget , Rignot, WAIS, 2114681.750, 2114681.750,    2016.167,  -2902.36,  197.156
RIGNOT, mass budget , Rignot, WAIS, 2114681.750, 2114681.750,    2016.250,  -2917.62,  197.359
RIGNOT, mass budget , Rignot, WAIS, 2114681.750, 2114681.750,    2016.333,  -2886.79,  197.561
RIGNOT, mass budget , Rignot, WAIS, 2114681.750, 2114681.750,    2016.417,  -2887.58,  197.763
RIGNOT, mass budget , Rignot, WAIS, 2114681.750, 2114681.750,    2016.500,  -2888.05,  197.965
RIGNOT, mass budget , Rignot, WAIS, 2114681.750, 2114681.750,    2016.583,  -2899.80,  198.167
RIGNOT, mass budget , Rignot, WAIS, 2114681.750, 2114681.750,    2016.667,  -2892.43,  198.368
RIGNOT, mass budget , Rignot, WAIS, 2114681.750, 2114681.750,    2016.750,  -2871.21,  198.569
RIGNOT, mass budget , Rignot, WAIS, 2114681.750, 2114681.750,    2016.833,  -2904.96,  198.771
RIGNOT, mass budget , Rignot, WAIS, 2114681.750, 2114681.750,    2016.917,  -2936.31,  198.971
RIGNOT, mass budget , Rignot, WAIS, 2114681.750, 2114681.750,    2017.000,  -2963.22,  199.172
RIGNOT, mass budget , Rignot, WAIS, 2114681.750, 2114681.750,    2017.083,  -2972.84,  199.372
RIGNOT, mass budget , Rignot, WAIS, 2114681.750, 2114681.750,    2017.167,  -2961.45,  199.573
RIGNOT, mass budget , Rignot, WAIS, 2114681.750, 2114681.750,    2017.250,  -2962.89,  199.773
RIGNOT, mass budget , Rignot, WAIS, 2114681.750, 2114681.750,    2017.333,  -2953.43,  199.973
RIGNOT, mass budget , Rignot, WAIS, 2114681.750, 2114681.750,    2017.417,  -2952.54,  200.172
RIGNOT, mass budget , Rignot, WAIS, 2114681.750, 2114681.750,    2017.500,  -2969.68,  200.372
RIGNOT, mass budget , Rignot, WAIS, 2114681.750, 2114681.750,    2017.583,  -2974.52,  200.571
RIGNOT, mass budget , Rignot, WAIS, 2114681.750, 2114681.750,    2017.667,  -3006.80,  200.770
RIGNOT, mass budget , Rignot, WAIS, 2114681.750, 2114681.750,    2017.750,  -3029.56,  200.969
RIGNOT, mass budget , Rignot, WAIS, 2114681.750, 2114681.750,    2017.833,  -3032.87,  201.167
RIGNOT, mass budget , Rignot, WAIS, 2114681.750, 2114681.750,    2017.917,  -3086.42,  201.366
RIGNOT, mass budget , Rignot, WAIS, 2114681.750, 2114681.750,    2018.000,  -3132.72,  201.564
RIGNOT, mass budget , Rignot, WAIS, 2114681.750, 2114681.750,    2018.083,  -3171.26,  201.762
RIGNOT, mass budget , Rignot, WAIS, 2114681.750, 2114681.750,    2018.167,  -3171.28,  201.960
RIGNOT, mass budget , Rignot, WAIS, 2114681.750, 2114681.750,    2018.250,  -3193.27,  202.158
RIGNOT, mass budget , Rignot, WAIS, 2114681.750, 2114681.750,    2018.333,  -3200.07,  202.355
RIGNOT, mass budget , Rignot, WAIS, 2114681.750, 2114681.750,    2018.417,  -3227.69,  202.553
RIGNOT, mass budget , Rignot, WAIS, 2114681.750, 2114681.750,    2018.500,  -3226.33,  202.750
RIGNOT, mass budget , Rignot, WAIS, 2114681.750, 2114681.750,    2018.583,  -3259.78,  202.947
RIGNOT, mass budget , Rignot, WAIS, 2114681.750, 2114681.750,    2018.667,  -3275.43,  203.143
RIGNOT, mass budget , Rignot, WAIS, 2114681.750, 2114681.750,    2018.750,  -3238.58,  203.340
RIGNOT, mass budget , Rignot, WAIS, 2114681.750, 2114681.750,    2018.833,  -3264.92,  203.536
RIGNOT, mass budget , Rignot, WAIS, 2114681.750, 2114681.750,    2018.917,  -3299.43,  203.732
RIGNOT, mass budget , Rignot, WAIS, 2114681.750, 2114681.750,    2019.000,  -3340.49,  203.928
RIGNOT, mass budget , Rignot, WAIS, 2114681.750, 2114681.750,    2019.083,  -3355.92,  204.124
RIGNOT, mass budget , Rignot, WAIS, 2114681.750, 2114681.750,    2019.167,  -3354.21,  204.320
RIGNOT, mass budget , Rignot, WAIS, 2114681.750, 2114681.750,    2019.250,  -3367.50,  204.515
RIGNOT, mass budget , Rignot, WAIS, 2114681.750, 2114681.750,    2019.333,  -3385.01,  204.710
RIGNOT, mass budget , Rignot, WAIS, 2114681.750, 2114681.750,    2019.417,  -3362.28,  204.905
RIGNOT, mass budget , Rignot, WAIS, 2114681.750, 2114681.750,    2019.500,  -3341.50,  205.100
RIGNOT, mass budget , Rignot, WAIS, 2114681.750, 2114681.750,    2019.583,  -3310.84,  205.295
